-- phpMyAdmin SQL Dump
-- version 3.2.4
-- http://www.phpmyadmin.net
--
-- Host: localhost
-- Generation Time: May 21, 2012 at 06:23 AM
-- Server version: 5.1.44
-- PHP Version: 5.3.1

SET SQL_MODE="NO_AUTO_VALUE_ON_ZERO";


/*!40101 SET @OLD_CHARACTER_SET_CLIENT=@@CHARACTER_SET_CLIENT */;
/*!40101 SET @OLD_CHARACTER_SET_RESULTS=@@CHARACTER_SET_RESULTS */;
/*!40101 SET @OLD_COLLATION_CONNECTION=@@COLLATION_CONNECTION */;
/*!40101 SET NAMES utf8 */;

--
-- Database: `Juniores`
--

-- --------------------------------------------------------

--
-- Table structure for table `Info_Jogadores`
--

CREATE TABLE IF NOT EXISTS `Info_Jogadores` (
  `id` int(11) NOT NULL,
  `gameId` int(11) NOT NULL,
  `playerId` int(11) NOT NULL,
  `position` varchar(100) NOT NULL,
  `stars` double NOT NULL,
  `scored` int(11) NOT NULL,
  PRIMARY KEY (`gameId`,`playerId`)
) ENGINE=MyISAM DEFAULT CHARSET=latin1;

--
-- Dumping data for table `Info_Jogadores`
--

INSERT INTO `Info_Jogadores` (`id`, `gameId`, `playerId`, `position`, `stars`, `scored`) VALUES
(1, 62087005, 112083938, 'Inner M', 7, 0),
(2, 62233286, 112083938, 'Inner M', 7, 0),
(3, 62087007, 112083938, '-', -0, 0),
(4, 62087013, 112083938, 'Inner M', 6.5, 0),
(5, 62929481, 112083938, 'Inner M', 6, 0),
(6, 62087015, 112083938, 'Inner M', 6.5, 0),
(7, 62087020, 112083938, 'Inner M', 6.5, 1),
(8, 62087023, 112083938, 'Inner M', 6.5, 0),
(9, 63635683, 112083938, 'Inner M', 6.5, 0),
(10, 62087029, 112083938, 'Inner M', 6.5, 0),
(11, 62087033, 112083938, 'Inner M', 6.5, 0),
(12, 62087037, 112083938, 'Inner M', 6.5, 0),
(13, 64262406, 112083938, 'Inner M', 6.5, 0),
(14, 62087042, 112083938, 'Inner M', 7, 0),
(15, 62087045, 112083938, 'Inner M', 6.5, 0),
(16, 62087005, 119050441, '-', -0, 0),
(17, 62087007, 119050441, '-', -0, 0),
(18, 62087013, 119050441, '-', -0, 0),
(19, 62087015, 119050441, '-', -0, 0),
(20, 62087020, 119050441, '-', -0, 0),
(21, 62087023, 119050441, '-', -0, 0),
(22, 62087029, 119050441, '-', -0, 0),
(23, 62087033, 119050441, '-', -0, 0),
(24, 62087037, 119050441, '-', -0, 0),
(25, 62087042, 119050441, '-', -0, 0),
(26, 62087045, 119050441, '-', -0, 0),
(27, 62087049, 119050441, '-', -0, 0),
(28, 62087051, 119050441, '-', -0, 0),
(29, 62087056, 119050441, '-', -0, 0),
(30, 62233286, 119050441, '-', -0, 0),
(31, 62929481, 119050441, 'Central', 3, 0),
(32, 63635683, 119050441, '-', -0, 0),
(33, 64262406, 119050441, 'Central', 3, 0),
(34, 64853327, 119050441, '-', -0, 0),
(35, 65354827, 119050441, '-', -0, 0),
(36, 62087005, 114762093, '-', -0, 0),
(37, 62087007, 114762093, '-', -0, 0),
(38, 62087013, 114762093, 'Inner Midfielder', 4.5, 0),
(39, 62087015, 114762093, '-', -0, 0),
(40, 62087020, 114762093, '-', -0, 0),
(41, 62087023, 114762093, '-', -0, 0),
(42, 62087029, 114762093, 'Inner Midifilder', 4.5, 0),
(43, 62087033, 114762093, 'Inner Midifilder', 3.5, 1),
(44, 62087037, 114762093, 'Inner Midfielder', 4, 1),
(45, 62087042, 114762093, 'Inner Midfielder', 4.5, 0),
(46, 62087045, 114762093, 'Inner M', 4.5, 0),
(47, 62087049, 114762093, 'Inner M', 4.5, 0),
(48, 62087051, 114762093, 'Inner M', 4.5, 0),
(49, 62087056, 114762093, 'Inner M', 4.5, 0),
(50, 62233286, 114762093, 'Inner M', 4.5, 0),
(51, 62929481, 114762093, 'Inner M', 4.5, 0),
(52, 63635683, 114762093, 'Inner M', 5.5, 0),
(53, 64262406, 114762093, 'Inner M', 3.5, 0),
(54, 64853327, 114762093, 'Inner M', 4, 0),
(55, 65354827, 114762093, '-', -0, 0),
(56, 62087005, 120053938, '.', 0, 0),
(57, 62087007, 120053938, '.', 0, 0),
(58, 62087013, 120053938, '.', 0, 0),
(59, 62087015, 120053938, '.', 0, 0),
(60, 62087020, 120053938, '.', 0, 0),
(61, 62087023, 120053938, '.', 0, 0),
(62, 62087029, 120053938, '.', 0, 0),
(63, 62087033, 120053938, '.', 0, 0),
(64, 62087037, 120053938, 'Winger', 5.5, 0),
(65, 62087042, 120053938, 'Winger', 5.5, 0),
(66, 62087045, 120053938, 'Winger', 3.5, 0),
(67, 62087049, 120053938, 'Winger', 5, 0),
(68, 62087051, 120053938, 'Inner M', 4.5, 0),
(69, 62087056, 120053938, 'Winger', 5.5, 0),
(70, 62233286, 120053938, 'Winger', 4, 0),
(71, 62929481, 120053938, 'Winger', 5.5, 0),
(72, 63635683, 120053938, 'Winger', 5.5, 0),
(73, 64262406, 120053938, 'Winger', 5.5, 0),
(74, 64853327, 120053938, 'Inner M', 4.5, 0),
(75, 65354827, 120053938, '-', -0, 0),
(76, 62087005, 112021623, 'Central', 7, 0),
(77, 62087007, 112021623, 'Central', 7, 0),
(78, 62087013, 112021623, 'Central', 7, 0),
(79, 62087015, 112021623, '-', -0, 0),
(80, 62087020, 112021623, '-', -0, 0),
(81, 62087023, 112021623, '-', -0, 0),
(82, 62087029, 112021623, '-', -0, 0),
(83, 62087033, 112021623, '-', -0, 0),
(84, 62087037, 112021623, '-', -0, 0),
(85, 62087042, 112021623, '-', -0, 0),
(86, 62087045, 112021623, '-', -0, 0),
(87, 62087049, 112021623, '-', -0, 0),
(88, 62087051, 112021623, '-', -0, 0),
(89, 62087056, 112021623, '-', -0, 0),
(90, 62233286, 112021623, '-', -0, 0),
(91, 62929481, 112021623, '-', -0, 0),
(92, 63635683, 112021623, '-', -0, 0),
(93, 64262406, 112021623, '-', -0, 0),
(94, 64853327, 112021623, '-', -0, 0),
(95, 65354827, 112021623, '-', -0, 0),
(96, 62087005, 109737450, '-', -0, 0),
(97, 62087007, 109737450, 'Inner Midfielder', 4, 2),
(98, 62087013, 109737450, '-', -0, 0),
(99, 62087015, 109737450, '-', -0, 0),
(100, 62087020, 109737450, '-', -0, 0),
(101, 62087023, 109737450, '-', -0, 0),
(102, 62087029, 109737450, '-', -0, 0),
(103, 62087033, 109737450, '-', -0, 0),
(104, 62087037, 109737450, '-', -0, 0),
(105, 62087042, 109737450, '-', -0, 0),
(106, 62087045, 109737450, '-', -0, 0),
(107, 62087049, 109737450, '-', -0, 0),
(108, 62087051, 109737450, '-', -0, 0),
(109, 62087056, 109737450, '-', -0, 0),
(110, 62233286, 109737450, '-', -0, 0),
(111, 62929481, 109737450, '-', -0, 0),
(112, 63635683, 109737450, '-', -0, 0),
(113, 64262406, 109737450, '-', -0, 0),
(114, 64853327, 109737450, '-', -0, 0),
(115, 65354827, 109737450, '-', -0, 0),
(116, 62087005, 112796693, 'Central', 6, 0),
(117, 62087007, 112796693, 'Central', 6, 0),
(118, 62087013, 112796693, 'Central', 6, 0),
(119, 62087015, 112796693, 'Central', 6, 0),
(120, 62087020, 112796693, 'Central', 6, 0),
(121, 62087023, 112796693, 'Central', 6.5, 1),
(122, 62087029, 112796693, 'Central', 6.5, 0),
(123, 62087033, 112796693, 'Inner Midifilder', 4.5, 1),
(124, 62087037, 112796693, 'Central', 6.5, 0),
(125, 62087042, 112796693, 'Central', 6.5, 0),
(126, 62087045, 112796693, 'Central', 6.5, 0),
(127, 62087049, 112796693, 'Central', 6.5, 0),
(128, 62087051, 112796693, '-', -0, 0),
(129, 62087056, 112796693, '-', -0, 0),
(130, 62233286, 112796693, '-', -0, 0),
(131, 62929481, 112796693, '-', -0, 0),
(132, 63635683, 112796693, '-', -0, 0),
(133, 64262406, 112796693, '-', -0, 0),
(134, 64853327, 112796693, '-', -0, 0),
(135, 65354827, 112796693, '-', -0, 0),
(136, 62087005, 115933419, '-', -0, 0),
(137, 62087007, 115933419, '-', -0, 0),
(138, 62087013, 115933419, 'Forward', 6.5, 0),
(139, 62087015, 115933419, '-', -0, 0),
(140, 62087020, 115933419, 'Forward', 6, 1),
(141, 62087023, 115933419, 'Forward', 6.5, 1),
(142, 62087029, 115933419, '-', -0, 0),
(143, 62087033, 115933419, '-', -0, 0),
(144, 62087037, 115933419, 'Forward', 6.5, 1),
(145, 62087042, 115933419, '-', -0, 0),
(146, 62087045, 115933419, 'Forward', 6.5, 1),
(147, 62087049, 115933419, 'Forward', 6.5, 0),
(148, 62087051, 115933419, 'Forward', 6, 0),
(149, 62087056, 115933419, 'Forward', 6.5, 0),
(150, 62233286, 115933419, 'Winger', 4.5, 0),
(151, 62929481, 115933419, '-', -0, 0),
(152, 63635683, 115933419, 'Forward', 6.5, 0),
(153, 64262406, 115933419, '-', -0, 0),
(154, 64853327, 115933419, 'Forward', 6.5, 0),
(155, 65354827, 115933419, '-', -0, 0),
(156, 62087005, 108177085, '-', -0, 0),
(157, 62087007, 108177085, '-', -0, 0),
(158, 62087013, 108177085, '-', -0, 0),
(159, 62087015, 108177085, '-', -0, 0),
(160, 62087020, 108177085, '-', -0, 0),
(161, 62087023, 108177085, '-', -0, 0),
(162, 62087029, 108177085, 'Central', 6, 0),
(163, 62087033, 108177085, 'Central', 5.5, 0),
(164, 62087037, 108177085, 'Central', 6, 0),
(165, 62087042, 108177085, 'Central', 6, 0),
(166, 62087045, 108177085, 'Central', 6, 0),
(167, 62087049, 108177085, 'Central', 6, 0),
(168, 62087051, 108177085, 'Central', 6, 0),
(169, 62087056, 108177085, 'Central', 6, 0),
(170, 62233286, 108177085, 'Central', 6, 0),
(171, 62929481, 108177085, 'Central', 6.5, 0),
(172, 63635683, 108177085, 'Central', 6.5, 0),
(173, 64262406, 108177085, 'Central', 6.5, 0),
(174, 64853327, 108177085, 'Back Wing', 6.5, 0),
(175, 65354827, 108177085, '-', -0, 0),
(176, 62087005, 120261890, '-', -0, 0),
(177, 62087007, 120261890, '-', -0, 0),
(178, 62087013, 120261890, '-', -0, 0),
(179, 62087015, 120261890, '-', -0, 0),
(180, 62087020, 120261890, '-', -0, 0),
(181, 62087023, 120261890, '-', -0, 0),
(182, 62087029, 120261890, 'Forward', 9, 0),
(183, 62087033, 120261890, 'Forward', 9, 2),
(184, 62087037, 120261890, 'Forward', 9, 0),
(185, 62087042, 120261890, '-', -0, 0),
(186, 62087045, 120261890, 'Forward', 8.5, 1),
(187, 62087049, 120261890, 'Forward', 8.5, 0),
(188, 62087051, 120261890, 'Forward', 8.5, 1),
(189, 62087056, 120261890, 'Forward', 8.5, 2),
(190, 62233286, 120261890, 'Forward', 8.5, 0),
(191, 62929481, 120261890, 'Forward', 8.5, 1),
(192, 63635683, 120261890, 'Forward', 8.5, 0),
(193, 64262406, 120261890, 'Forward', 9, 0),
(194, 64853327, 120261890, 'Forward', 9, 0),
(195, 65354827, 120261890, '-', -0, 0),
(196, 62087005, 115398905, '-', -0, 0),
(197, 62087007, 115398905, '-', -0, 0),
(198, 62087013, 115398905, '-', -0, 0),
(199, 62087015, 115398905, 'Forward', 6, 0),
(200, 62087020, 115398905, '-', -0, 0),
(201, 62087023, 115398905, '-', -0, 0),
(202, 62087029, 115398905, '-', -0, 0),
(203, 62087033, 115398905, '-', -0, 0),
(204, 62087037, 115398905, '-', -0, 0),
(205, 62087042, 115398905, '-', -0, 0),
(206, 62087045, 115398905, '-', -0, 0),
(207, 62087049, 115398905, '-', -0, 0),
(208, 62087051, 115398905, 'Forward', 6, 0),
(209, 62087056, 115398905, 'Keeper', 1.5, 0),
(210, 62233286, 115398905, 'Keeper', 1.5, 0),
(211, 62929481, 115398905, 'Keeper', 1.5, 0),
(212, 63635683, 115398905, 'Keeper', 1.5, 0),
(213, 64262406, 115398905, 'Keeper', 1.5, 0),
(214, 64853327, 115398905, '-', -0, 0),
(215, 65354827, 115398905, '-', -0, 0),
(216, 62087005, 118284925, '-', -0, 0),
(217, 62087007, 118284925, '-', -0, 0),
(218, 62087013, 118284925, '-', -0, 0),
(219, 62087015, 118284925, '-', -0, 0),
(220, 62087020, 118284925, '-', -0, 0),
(221, 62087023, 118284925, '-', -0, 0),
(222, 62087029, 118284925, '-', -0, 0),
(223, 62087033, 118284925, '-', -0, 0),
(224, 62087037, 118284925, '-', -0, 0),
(225, 62087042, 118284925, '-', -0, 0),
(226, 62087045, 118284925, '-', -0, 0),
(227, 62087049, 118284925, '-', -0, 0),
(228, 62087051, 118284925, '-', -0, 0),
(229, 62087056, 118284925, '-', -0, 0),
(230, 62233286, 118284925, '-', -0, 0),
(231, 62929481, 118284925, '-', -0, 0),
(232, 63635683, 118284925, '-', -0, 0),
(233, 64262406, 118284925, '-', -0, 0),
(234, 64853327, 118284925, '-', -0, 0),
(235, 65354827, 118284925, '-', -0, 0),
(236, 62087005, 0, 'Forward', 7, 2),
(237, 62087007, 0, 'Forward', 7, 1),
(238, 62087013, 0, '-', -0, 0),
(239, 62087015, 0, '-', -0, 0),
(240, 62087020, 0, '-', -0, 0),
(241, 62087023, 0, '-', -0, 0),
(242, 62087029, 0, '-', -0, 0),
(243, 62087033, 0, '-', -0, 0),
(244, 62087037, 0, '-', -0, 0),
(245, 62087042, 0, '-', -0, 0),
(246, 62087045, 0, '-', -0, 0),
(247, 62087049, 0, '-', -0, 0),
(248, 62087051, 0, '-', -0, 0),
(249, 62087056, 0, '-', -0, 0),
(250, 62233286, 0, '-', -0, 0),
(251, 62929481, 0, '-', -0, 0),
(252, 63635683, 0, '-', -0, 0),
(253, 64262406, 0, '-', -0, 0),
(254, 64853327, 0, '-', -0, 0),
(255, 65354827, 0, '-', -0, 0),
(256, 62087005, 109737451, 'Forward', 6, 3),
(257, 62087007, 109737451, 'Forward', 6, 0),
(258, 62087013, 109737451, 'Forward', 6, 0),
(259, 62087015, 109737451, 'Forward', 6, 0),
(260, 62087020, 109737451, 'Forward', 6, 1),
(261, 62087023, 109737451, 'Forward', 6, 1),
(262, 62087029, 109737451, 'Forward', 6, 0),
(263, 62087033, 109737451, 'Forward', 6, 0),
(264, 62087037, 109737451, '-', -0, 0),
(265, 62087042, 109737451, '-', -0, 0),
(266, 62087045, 109737451, 'Winger', 3.5, 0),
(267, 62087049, 109737451, '-', -0, 0),
(268, 62087051, 109737451, '-', -0, 0),
(269, 62087056, 109737451, 'Winger', 4.5, 0),
(270, 62233286, 109737451, '-', -0, 0),
(271, 62929481, 109737451, '-', -0, 0),
(272, 63635683, 109737451, '-', -0, 0),
(273, 64262406, 109737451, 'Inner M', 3, 0),
(274, 64853327, 109737451, '-', -0, 0),
(275, 65354827, 109737451, '-', -0, 0),
(276, 62087005, 120883771, '-', -0, 0),
(277, 62087007, 120883771, '-', -0, 0),
(278, 62087013, 120883771, '-', -0, 0),
(279, 62087015, 120883771, '-', -0, 0),
(280, 62087020, 120883771, '-', -0, 0),
(281, 62087023, 120883771, '-', -0, 0),
(282, 62087029, 120883771, '-', -0, 0),
(283, 62087033, 120883771, '-', -0, 0),
(284, 62087037, 120883771, '-', -0, 0),
(285, 62087042, 120883771, '-', -0, 0),
(286, 62087045, 120883771, '-', -0, 0),
(287, 62087049, 120883771, '-', -0, 0),
(288, 62087051, 120883771, '-', -0, 0),
(289, 62087056, 120883771, '-', -0, 0),
(290, 62233286, 120883771, '-', -0, 0),
(291, 62929481, 120883771, '-', -0, 0),
(292, 63635683, 120883771, '-', -0, 0),
(293, 64262406, 120883771, '-', -0, 0),
(294, 64853327, 120883771, '-', -0, 0),
(295, 65354827, 120883771, '-', -0, 0),
(296, 62087005, 122556414, '-', -0, 0),
(297, 62087007, 122556414, '-', -0, 0),
(298, 62087013, 122556414, '-', -0, 0),
(299, 62087015, 122556414, '-', -0, 0),
(300, 62087020, 122556414, '-', -0, 0),
(301, 62087023, 122556414, '-', -0, 0),
(302, 62087029, 122556414, '-', -0, 0),
(303, 62087033, 122556414, '-', -0, 0),
(304, 62087037, 122556414, '-', -0, 0),
(305, 62087042, 122556414, '-', -0, 0),
(306, 62087045, 122556414, '-', -0, 0),
(307, 62087049, 122556414, '-', -0, 0),
(308, 62087051, 122556414, '-', -0, 0),
(309, 62087056, 122556414, '-', -0, 0),
(310, 62233286, 122556414, 'Forward', 7.5, 0),
(311, 62929481, 122556414, 'Forward', 8, 0),
(312, 63635683, 122556414, 'Forward', 7.5, 0),
(313, 64262406, 122556414, 'Forward', 8, 0),
(314, 64853327, 122556414, 'Forward', 7.5, 0),
(315, 65354827, 122556414, '-', -0, 0),
(316, 62087005, 119682765, '-', -0, 0),
(317, 62087007, 119682765, '-', -0, 0),
(318, 62087013, 119682765, '-', -0, 0),
(319, 62087015, 119682765, '-', -0, 0),
(320, 62087020, 119682765, '-', -0, 0),
(321, 62087023, 119682765, '-', -0, 0),
(322, 62087029, 119682765, '-', -0, 0),
(323, 62087033, 119682765, '-', -0, 0),
(324, 62087037, 119682765, '-', -0, 0),
(325, 62087042, 119682765, '-', -0, 0),
(326, 62087045, 119682765, '-', -0, 0),
(327, 62087049, 119682765, '-', -0, 0),
(328, 62087051, 119682765, '-', -0, 0),
(329, 62087056, 119682765, '-', -0, 0),
(330, 62233286, 119682765, '-', -0, 0),
(331, 62929481, 119682765, '-', -0, 0),
(332, 63635683, 119682765, '-', -0, 0),
(333, 64262406, 119682765, 'Inner M', 4, 0),
(334, 64853327, 119682765, 'Central', 6, 0),
(335, 65354827, 119682765, '-', -0, 0),
(476, 62087005, 102383146, '-', -0, 0),
(477, 62087007, 102383146, 'Inner Midfielder', 4.5, 0),
(478, 62087013, 102383146, '-', -0, 0),
(479, 62087015, 102383146, '-', -0, 0),
(480, 62087020, 102383146, 'Inner Midifilder', 4.5, 0),
(481, 62087023, 102383146, 'Inner Midifilder', 5, 0),
(482, 62087029, 102383146, '-', -0, 0),
(483, 62087033, 102383146, '-', -0, 0),
(484, 62087037, 102383146, '-', -0, 0),
(485, 62087042, 102383146, '-', -0, 0),
(486, 62087045, 102383146, '-', -0, 0),
(487, 62087049, 102383146, '-', -0, 0),
(488, 62087051, 102383146, '-', -0, 0),
(489, 62087056, 102383146, '-', -0, 0),
(490, 62233286, 102383146, '-', -0, 0),
(491, 62929481, 102383146, '-', -0, 0),
(492, 63635683, 102383146, '-', -0, 0),
(493, 64262406, 102383146, '-', -0, 0),
(494, 64853327, 102383146, '-', -0, 0),
(495, 65354827, 102383146, '-', -0, 0),
(496, 62087005, 109922572, 'Inner Midfielder', 5, 0),
(497, 62087007, 109922572, 'Winger', 6, 0),
(498, 62087013, 109922572, 'Inner Midfielder', 5.5, 0),
(499, 62087015, 109922572, 'Inner Midfielder', 5.5, 0),
(500, 62087020, 109922572, 'Inner Midfielder', 5, 0),
(501, 62087023, 109922572, 'Inner Midifilder', 5.5, 0),
(502, 62087029, 109922572, 'Inner Midifilder', 5.5, 0),
(503, 62087033, 109922572, 'Inner Midifilder', 5.5, 1),
(504, 62087037, 109922572, 'Inner Midfielder', 5, 1),
(505, 62087042, 109922572, 'Inner Midfielder', 5, 0),
(506, 62087045, 109922572, 'Inner M', 5.5, 0),
(507, 62087049, 109922572, 'Inner M', 3.5, 0),
(508, 62087051, 109922572, '-', -0, 0),
(509, 62087056, 109922572, '-', -0, 0),
(510, 62233286, 109922572, '-', -0, 0),
(511, 62929481, 109922572, '-', -0, 0),
(512, 63635683, 109922572, '-', -0, 0),
(513, 64262406, 109922572, '-', -0, 0),
(514, 64853327, 109922572, '-', -0, 0),
(515, 65354827, 109922572, '-', -0, 0),
(516, 62087005, 110963959, '-', -0, 0),
(517, 62087007, 110963959, 'Central', 5.5, 0),
(518, 62087013, 110963959, '-', -0, 0),
(519, 62087015, 110963959, 'Central', 5.5, 0),
(520, 62087020, 110963959, 'Central', 5.5, 0),
(521, 62087023, 110963959, 'Central', 5.5, 0),
(522, 62087029, 110963959, 'Central', 5, 0),
(523, 62087033, 110963959, '-', -0, 0),
(524, 62087037, 110963959, '-', -0, 0),
(525, 62087042, 110963959, '-', -0, 0),
(526, 62087045, 110963959, '-', -0, 0),
(527, 62087049, 110963959, '-', -0, 0),
(528, 62087051, 110963959, '-', -0, 0),
(529, 62087056, 110963959, '-', -0, 0),
(530, 62233286, 110963959, '-', -0, 0),
(531, 62929481, 110963959, '-', -0, 0),
(532, 63635683, 110963959, '-', -0, 0),
(533, 64262406, 110963959, '-', -0, 0),
(534, 64853327, 110963959, '-', -0, 0),
(535, 65354827, 110963959, '-', -0, 0),
(536, 62087005, 114317832, 'Winger', 4.5, 2),
(537, 62087007, 114317832, '-', -0, 0),
(538, 62087013, 114317832, 'Winger', 4, 0),
(539, 62087015, 114317832, 'Winger', 4, 0),
(540, 62087020, 114317832, 'Winger', 4, 0),
(541, 62087023, 114317832, 'Winger', 4, 0),
(542, 62087029, 114317832, 'Winger', 4.5, 0),
(543, 62087033, 114317832, 'Winger', 4, 0),
(544, 62087037, 114317832, '-', -0, 0),
(545, 62087042, 114317832, '-', -0, 0),
(546, 62087045, 114317832, '-', -0, 0),
(547, 62087049, 114317832, 'Inner M', 3.5, 0),
(548, 62087051, 114317832, 'Winger', 4, 0),
(549, 62087056, 114317832, 'Inner M', 4.5, 0),
(550, 62233286, 114317832, 'Inner M', 3, 0),
(551, 62929481, 114317832, 'Inner M', 3.5, 0),
(552, 63635683, 114317832, 'Inner M', 3.5, 0),
(553, 64262406, 114317832, 'Inner M', 4, 0),
(554, 64853327, 114317832, 'Back Wing', 4, 0),
(555, 65354827, 114317832, '-', -0, 0),
(556, 62087005, 110178517, 'Winger', 5.5, 0),
(557, 62087007, 110178517, 'Winger', 5, 0),
(558, 62087013, 110178517, 'Winger', 5, 1),
(559, 62087015, 110178517, 'Winger', 5.5, 0),
(560, 62087020, 110178517, 'Winger', 5, 0),
(561, 62087023, 110178517, 'Winger', 5, 0),
(562, 62087029, 110178517, 'Winger', 5, 1),
(563, 62087033, 110178517, 'Winger', 5, 0),
(564, 62087037, 110178517, 'Winger', 5, 1),
(565, 62087042, 110178517, 'Winger', 5.5, 0),
(566, 62087045, 110178517, 'Winger', 5.5, 0),
(567, 62087049, 110178517, '-', -0, 0),
(568, 62087051, 110178517, '-', -0, 0),
(569, 62087056, 110178517, '-', -0, 0),
(570, 62233286, 110178517, 'Winger', 5, 0),
(571, 62929481, 110178517, 'Winger', 5, 0),
(572, 63635683, 110178517, 'Winger', 5.5, 0),
(573, 64262406, 110178517, 'Winger', 5, 0),
(574, 64853327, 110178517, 'Keeper', 2, 0),
(575, 65354827, 110178517, '-', -0, 0),
(576, 62087005, 121738745, '-', -0, 0),
(577, 62087007, 121738745, '-', -0, 0),
(578, 62087013, 121738745, '-', -0, 0),
(579, 62087015, 121738745, '-', -0, 0),
(580, 62087020, 121738745, '-', -0, 0),
(581, 62087023, 121738745, '-', -0, 0),
(582, 62087029, 121738745, '-', -0, 0),
(583, 62087033, 121738745, '-', -0, 0),
(584, 62087037, 121738745, '-', -0, 0),
(585, 62087042, 121738745, '-', -0, 0),
(586, 62087045, 121738745, '-', -0, 0),
(587, 62087049, 121738745, '-', -0, 0),
(588, 62087051, 121738745, '-', -0, 0),
(589, 62087056, 121738745, '-', -0, 0),
(590, 62233286, 121738745, '-', -0, 0),
(591, 62929481, 121738745, '-', -0, 0),
(592, 63635683, 121738745, '-', -0, 0),
(593, 64262406, 121738745, '-', -0, 0),
(594, 64853327, 121738745, '-', -0, 0),
(595, 65354827, 121738745, '-', -0, 0),
(616, 62087005, 116116839, '-', -0, 0),
(617, 62087007, 116116839, '-', -0, 0),
(618, 62087013, 116116839, '-', -0, 0),
(619, 62087015, 116116839, '-', -0, 0),
(620, 62087020, 116116839, '-', -0, 0),
(621, 62087023, 116116839, '-', -0, 0),
(622, 62087029, 116116839, '-', -0, 0),
(623, 62087033, 116116839, 'Central', 5, 1),
(624, 62087037, 116116839, 'Central', 5.5, 1),
(625, 62087042, 116116839, 'Central', 5, 0),
(626, 62087045, 116116839, 'Central', 5.5, 0),
(627, 62087049, 116116839, 'Central', 5.5, 0),
(628, 62087051, 116116839, 'Central', 6, 0),
(629, 62087056, 116116839, 'Central', 6.5, 1),
(630, 62233286, 116116839, 'Central', 6.5, 0),
(631, 62929481, 116116839, 'Central', 6.5, 0),
(632, 63635683, 116116839, 'Central', 6.5, 0),
(633, 64262406, 116116839, 'Central', 6, 0),
(634, 64853327, 116116839, 'Central', 6.5, 0),
(635, 65354827, 116116839, '-', -0, 0),
(636, 62087005, 114141169, 'Central', 5.5, 0),
(637, 62087007, 114141169, '-', -0, 0),
(638, 62087013, 114141169, 'Central', 6, 0),
(639, 62087015, 114141169, 'Central', 6, 0),
(640, 62087020, 114141169, 'Central', 6.5, 0),
(641, 62087023, 114141169, 'Central', 6, 1),
(642, 62087029, 114141169, 'Central', 6, 0),
(643, 62087033, 114141169, 'Central', 6, 0),
(644, 62087037, 114141169, 'Keeper', 3, 0),
(645, 62087042, 114141169, '-', -0, 0),
(646, 62087045, 114141169, '-', -0, 0),
(647, 62087049, 114141169, '-', -0, 0),
(648, 62087051, 114141169, 'Central', 6, 1),
(649, 62087056, 114141169, 'Central', 6, 0),
(650, 62233286, 114141169, 'Central', 6, 0),
(651, 62929481, 114141169, '-', -0, 0),
(652, 63635683, 114141169, 'Central', 6, 0),
(653, 64262406, 114141169, 'Inner M', 6.5, 0),
(654, 64853327, 114141169, 'Central', 6, 0),
(655, 65354827, 114141169, '-', -0, 0),
(656, 62087005, 117754543, 'Inner Midfielder', 2, 0),
(657, 62087007, 117754543, '-', -0, 0),
(658, 62087013, 117754543, 'Inner Midfielder', 2, 0),
(659, 62087015, 117754543, 'Inner Midfielder', 2, 0),
(660, 62087020, 117754543, '-', -0, 0),
(661, 62087023, 117754543, '-', -0, 0),
(662, 62087029, 117754543, '-', -0, 0),
(663, 62087033, 117754543, '-', -0, 0),
(664, 62087037, 117754543, '-', -0, 0),
(665, 62087042, 117754543, '-', -0, 0),
(666, 62087045, 117754543, '-', -0, 0),
(667, 62087049, 117754543, '-', -0, 0),
(668, 62087051, 117754543, '-', -0, 0),
(669, 62087056, 117754543, '-', -0, 0),
(670, 62233286, 117754543, '-', -0, 0),
(671, 62929481, 117754543, '-', -0, 0),
(672, 63635683, 117754543, '-', -0, 0),
(673, 64262406, 117754543, '-', -0, 0),
(674, 64853327, 117754543, '-', -0, 0),
(675, 65354827, 117754543, '-', -0, 0),
(676, 62087005, 105428144, 'Keeper', 5, 0),
(677, 62087007, 105428144, 'Keeper', 5, 0),
(678, 62087013, 105428144, 'Keeper', 5, 0),
(679, 62087015, 105428144, 'Keeper', 5, 0),
(680, 62087020, 105428144, 'Keeper', 5, 0),
(681, 62087023, 105428144, 'Keeper', 5, 0),
(682, 62087029, 105428144, 'Keeper', 5, 0),
(683, 62087033, 105428144, 'Keeper', 5, 0),
(684, 62087037, 105428144, 'Keeper', 4, 0),
(685, 62087042, 105428144, 'Keeper', 4.5, 0),
(686, 62087045, 105428144, 'Keeper', 5, 0),
(687, 62087049, 105428144, 'Keeper', 5, 0),
(688, 62087051, 105428144, 'Keeper', 5, 0),
(689, 62087056, 105428144, '-', -0, 0),
(690, 62233286, 105428144, '-', -0, 0),
(691, 62929481, 105428144, '-', -0, 0),
(692, 63635683, 105428144, '-', -0, 0),
(693, 64262406, 105428144, '-', -0, 0),
(694, 64853327, 105428144, '-', -0, 0),
(695, 65354827, 105428144, '-', -0, 0);

-- --------------------------------------------------------

--
-- Table structure for table `Jogadores`
--

CREATE TABLE IF NOT EXISTS `Jogadores` (
  `id` int(11) NOT NULL,
  `name` varchar(100) NOT NULL,
  `disponivel` tinyint(1) NOT NULL DEFAULT '1',
  `birthday` date NOT NULL,
  `info` text NOT NULL,
  PRIMARY KEY (`id`),
  UNIQUE KEY `id` (`id`)
) ENGINE=MyISAM DEFAULT CHARSET=latin1;

--
-- Dumping data for table `Jogadores`
--

INSERT INTO `Jogadores` (`id`, `name`, `disponivel`, `birthday`, `info`) VALUES
(119050441, 'Altino Dias', 2, '0000-00-00', 'Creio que encontrei um jovem com as características necessárias para o clube. Chama-se Altino Dias e tem 17 anos.\r\n\r\nSe não treinar mais, este jogador ficará com a sua característica de Criatividade em fraco. Se treinar bem este júnior, ele poderá atingir o seu potencial de mau a Finalização! '),
(114762093, 'Amadeu Dias Azevedo', 2, '0000-00-00', ''),
(120053938, 'Amândio Neves', 2, '0000-00-00', ''),
(112021623, 'Ângelo José Marvão', 1, '0000-00-00', ''),
(109737450, 'Aurélio Antunes', 0, '0000-00-00', ''),
(112796693, 'Beto Cabral', 0, '0000-00-00', ''),
(115933419, 'Carlos de Almeida', 2, '0000-00-00', ''),
(108177085, 'César Graça', 2, '0000-00-00', ''),
(120261890, 'Elias Dias', 2, '0000-00-00', ''),
(115398905, 'Fabião Freire', 2, '0000-00-00', ''),
(118284925, 'Fernando Eloy', 2, '0000-00-00', ''),
(0, 'Ilídio Rocha', 0, '0000-00-00', ''),
(109737451, 'João Amado Craveiro', 2, '0000-00-00', ''),
(120883771, 'Luís Amaral', 2, '0000-00-00', ''),
(122556414, 'Manuel Vítor de Oliveira', 2, '0000-00-00', ''),
(119682765, 'Mário Santos Sá', 2, '0000-00-00', ''),
(102383146, 'Natálio Rodrigues Mesquita', 0, '0000-00-00', ''),
(109922572, 'Paulino Ramos', 0, '0000-00-00', ''),
(110963959, 'Pedro Catarino Pinheiro Fernandes', 0, '0000-00-00', ''),
(114317832, 'Reinaldo Correia', 2, '0000-00-00', ''),
(110178517, 'Ricardo Filipe Esteves', 0, '0000-00-00', ''),
(121738745, 'Rodrigo Francisco Eugénio', 2, '0000-00-00', ''),
(112083938, 'Rogério Monteiro', 0, '0000-00-00', ''),
(116116839, 'Rui Amorim', 2, '0000-00-00', ''),
(114141169, 'Sérgio Graça', 2, '0000-00-00', ''),
(117754543, 'Simão barros', 0, '0000-00-00', ''),
(105428144, 'Vitaliy Vernidub', 0, '0000-00-00', '');

-- --------------------------------------------------------

--
-- Table structure for table `Jogos`
--

CREATE TABLE IF NOT EXISTS `Jogos` (
  `id` int(11) NOT NULL,
  `date` date NOT NULL,
  `gameId` int(11) NOT NULL,
  `score` varchar(10) NOT NULL,
  PRIMARY KEY (`id`),
  UNIQUE KEY `gameId` (`gameId`)
) ENGINE=MyISAM DEFAULT CHARSET=latin1;

--
-- Dumping data for table `Jogos`
--

INSERT INTO `Jogos` (`id`, `date`, `gameId`, `score`) VALUES
(1, '2012-01-27', 62087005, '0 - 7'),
(2, '2012-01-31', 62233286, '3 - 0'),
(3, '2012-02-03', 62087007, '1 - 1'),
(4, '2012-02-10', 62087013, '4 - 0'),
(5, '2012-02-21', 62929481, '2 - 3'),
(6, '2012-02-24', 62087015, '4 - 1'),
(7, '2012-03-02', 62087020, '2 - 2'),
(8, '2012-03-09', 62087023, '6 - 2'),
(9, '2012-03-14', 63635683, '5 - 1'),
(10, '2012-03-16', 62087029, '2 - 5'),
(11, '2012-03-23', 62087033, '2 - 4'),
(12, '2012-03-30', 62087037, '0 - 0'),
(13, '2012-04-04', 64262406, '2 - 3'),
(14, '2012-04-06', 62087042, '3 - 3'),
(15, '2012-04-13', 62087045, '3 - 0'),
(16, '2012-04-20', 62087049, '1 - 4'),
(17, '2012-04-24', 64853327, '0 - 1'),
(18, '2012-04-27', 62087051, '3 - 0'),
(19, '2012-05-04', 62087056, '3 - 0'),
(20, '2012-05-12', 65354827, '1 - 4');
